meannh,cum.prob
1694.11265044668,0.001
1960.09328304896,0.002
2011.82612075253,0.003
2090.25472904624,0.004
2172.78356226022,0.005
2207.93661377366,0.006
2278.57354631604,0.007
2310.93412560345,0.008
2348.93859771365,0.009
2390.3553182434,0.01
2413.70458153315,0.011
2453.74186465377,0.012
2482.49134683834,0.013
2511.37543217637,0.014
2532.44296408717,0.015
2553.70313432276,0.016
2575.8176743693,0.017
2607.85927472577,0.018
2615.50593429518,0.019
2637.08633715053,0.02
2655.24356152103,0.021
2688.15785013133,0.022
2695.25278582692,0.023
2715.83284685314,0.024
2737.64350113866,0.025
2750.45648665575,0.026
2767.45436307425,0.027
2783.91232961161,0.028
2806.4425302548,0.029
2822.5699444243,0.03
2837.32120978202,0.031
2849.9221974373,0.032
2859.83881587893,0.033
2881.33311922647,0.034
2895.72462419067,0.035
2903.38905681044,0.036
2930.11876127757,0.037
2935.46653583979,0.038
2945.41849714306,0.039
2963.08490309517,0.04
2982.26690901975,0.041
2986.09617191917,0.042
2999.5266550259,0.043
3018.2923403741,0.044
3029.84760726121,0.045
3037.71864053408,0.046
3055.59805247007,0.047
3061.1675104003,0.048
3081.89468537012,0.049
3085.11786636557,0.05
3100.39654127269,0.051
3111.12801731093,0.052
3128.37951396057,0.053
3135.22116381508,0.054
3151.04538745622,0.055
3163.11195770305,0.056
3165.76428489281,0.057
3181.48209830956,0.058
3192.59440102677,0.059
3207.6167067838,0.06
3218.0646060907,0.061
3220.78169864478,0.062
3230.80373406959,0.063
3245.08187105187,0.064
3257.00018664534,0.065
3267.69310119486,0.066
3274.50854855176,0.067
3283.45303943792,0.068
3295.26727920846,0.069
3309.10079418783,0.07
3316.56820710847,0.071
3321.47777374126,0.072
3330.73478195917,0.073
3348.0702927658,0.074
3350.55271174488,0.075
3363.64219204408,0.076
3373.06090987248,0.077
3382.74453927219,0.078
3395.46591102139,0.079
3402.62535975151,0.08
3411.21232553478,0.081
3421.12394840916,0.082
3427.21435163433,0.083
3439.44407188109,0.084
3451.19956495191,0.085
3458.01296934129,0.086
3463.13810840184,0.087
3476.47262424388,0.088
3485.39536532665,0.089
3489.72683447782,0.09
3501.26136018793,0.091
3510.4310531168,0.092
3519.04438696601,0.093
3532.06854319483,0.094
3540.32499654161,0.095
3545.85547388233,0.096
3551.75583035319,0.097
3559.96477464167,0.098
3572.13061299439,0.099
3579.68050739712,0.1
3588.77621803897,0.101
3595.20762010303,0.102
3608.24776144955,0.103
3613.30116267308,0.104
3618.56946692457,0.105
3630.94247517941,0.106
3639.9537626431,0.107
3647.87974150741,0.108
3655.49968842921,0.109
3662.70919069501,0.11
3668.20408292123,0.111
3676.53678726536,0.112
3690.65372717461,0.113
3697.64548198269,0.114
3699.91550420283,0.115
3712.56013851193,0.116
3722.31308143157,0.117
3723.16352161501,0.118
3734.61980632699,0.119
3740.75267622926,0.12
3748.96582065312,0.121
3755.96439678903,0.122
3766.74304690037,0.123
3776.50556433413,0.124
3783.75633268161,0.125
3790.75044015735,0.126
3797.50191344475,0.127
3807.77258908679,0.128
3812.10677697475,0.129
3817.16666070928,0.13
3825.38796831289,0.131
3832.95718942875,0.132
3846.48602920571,0.133
3850.78718529507,0.134
3858.64882803132,0.135
3868.74960841493,0.136
3870.78427474761,0.137
3882.12520590318,0.138
3887.11721913529,0.139
3899.33384256634,0.14
3905.0223507133,0.141
3911.75371950995,0.142
3915.08026318639,0.143
3924.69146210976,0.144
3931.45477123876,0.145
3938.66042556616,0.146
3944.12248868875,0.147
3952.90860105123,0.148
3959.9331800352,0.149
3969.12708781344,0.15
3976.36672006286,0.151
3982.22161176986,0.152
3991.92803478255,0.153
4002.23166290687,0.154
4002.86102596381,0.155
4011.38884645551,0.156
4020.87908796175,0.157
4024.67649210997,0.158
4035.33520912792,0.159
4041.96715219673,0.16
4052.6240120074,0.161
4055.2631925939,0.162
4065.58954460614,0.163
4071.48596139493,0.164
4080.64817811458,0.165
4087.80441245231,0.166
4088.74105300046,0.167
4102.86861022367,0.168
4104.13770550121,0.169
4110.87576417335,0.17
4123.85163351665,0.171
4124.98416153978,0.172
4133.5806883026,0.173
4140.44493233369,0.174
4147.67871907164,0.175
4158.80423411745,0.176
4162.20746520183,0.177
4166.79194061684,0.178
4174.85937490392,0.179
4181.7331729315,0.18
4189.75321738206,0.181
4197.87546804061,0.182
4205.93417969526,0.183
4213.16607082044,0.184
4216.6942708694,0.185
4224.38341818144,0.186
4231.40984076575,0.187
4238.65821098384,0.188
4248.1077374038,0.189
4251.9324202016,0.19
4260.07381225849,0.191
4269.39936760559,0.192
4271.36501952213,0.193
4279.74045881417,0.194
4284.93912379594,0.195
4296.26709412584,0.196
4301.20433054661,0.197
4305.5570116682,0.198
4312.45777228665,0.199
4323.63472158794,0.2
4328.65148511516,0.201
4332.69724116633,0.202
4339.30751029387,0.203
4346.14846203592,0.204
4356.95591459319,0.205
4361.08710510153,0.206
4370.83217883054,0.207
4375.83119801138,0.208
4380.01068241367,0.209
4387.92021415327,0.21
4397.49977885666,0.211
4403.44918412178,0.212
4411.36998779734,0.213
4414.58707362506,0.214
4423.38462460609,0.215
4432.78327320298,0.216
4437.97990742469,0.217
4442.22974842013,0.218
4450.88948572696,0.219
4459.09262516614,0.22
4461.83826207182,0.221
4471.9742851665,0.222
4480.74261863241,0.223
4487.53124597308,0.224
4488.8045944811,0.225
4495.24099456599,0.226
4505.64101182268,0.227
4511.61268398388,0.228
4516.35829398352,0.229
4527.06509719785,0.23
4533.65194018161,0.231
4539.4972686055,0.232
4546.29960639815,0.233
4548.88967444278,0.234
4558.9089145031,0.235
4563.57913598701,0.236
4571.28023768152,0.237
4579.11669152246,0.238
4581.86798688212,0.239
4591.630469422,0.24
4597.1655870756,0.241
4603.75379215281,0.242
4612.17398762386,0.243
4619.28001513605,0.244
4628.27850835246,0.245
4630.77721083129,0.246
4637.81118277176,0.247
4647.71618555737,0.248
4649.08156200519,0.249
4655.32397293056,0.25
4662.40823374933,0.251
4669.91698865427,0.252
4680.61115900935,0.253
4685.94281982259,0.254
4693.23588631864,0.255
4696.10146540428,0.256
4707.97194736702,0.257
4713.82362414107,0.258
4719.84650768326,0.259
4728.30113277254,0.26
4730.55274951632,0.261
4735.75857399488,0.262
4745.8706965824,0.263
4754.02403383602,0.264
4755.39874285135,0.265
4768.17463847613,0.266
4769.29668421418,0.267
4775.10203671606,0.268
4785.47934872524,0.269
4794.4587121668,0.27
4797.22004780198,0.271
4802.76805030531,0.272
4811.23895493052,0.273
4815.21419063013,0.274
4824.46798143616,0.275
4833.07178797965,0.276
4837.06235080281,0.277
4847.52089925093,0.278
4852.82153200618,0.279
4857.04642046636,0.28
4863.17898269491,0.281
4868.89115164479,0.282
4878.45296290947,0.283
4886.8727786662,0.284
4894.60455479415,0.285
4900.46650898021,0.286
4904.47410447674,0.287
4912.48144369618,0.288
4920.18501955163,0.289
4925.83243920203,0.29
4929.70747915147,0.291
4936.73186293377,0.292
4943.45902362958,0.293
4954.80112466376,0.294
4955.05794014554,0.295
4965.65451030623,0.296
4970.97250588973,0.297
4980.73468431543,0.298
4982.2446173066,0.299
4994.80110458415,0.3
4995.24141301719,0.301
5008.27891336924,0.302
5012.57195395048,0.303
5015.8965416597,0.304
5022.25188086642,0.305
5028.92966344849,0.306
5036.09065480969,0.307
5048.42904591366,0.308
5052.59523423657,0.309
5056.98503368704,0.31
5065.85539439025,0.311
5069.68260101305,0.312
5076.91046077424,0.313
5084.63804686997,0.314
5089.88650106531,0.315
5100.12597113769,0.316
5102.57482457741,0.317
5113.43932159549,0.318
5121.41621906669,0.319
5124.56739229606,0.32
5134.93070357905,0.321
5141.07980697828,0.322
5144.28455879977,0.323
5150.83052945813,0.324
5160.24099722441,0.325
5167.26244742609,0.326
5169.84429525588,0.327
5182.54433398726,0.328
5187.86381586926,0.329
5196.16042665224,0.33
5202.7259121648,0.331
5210.05152120965,0.332
5212.88429739978,0.333
5221.31290833303,0.334
5230.29009373364,0.335
5232.58430863896,0.336
5240.67823867416,0.337
5244.40111397519,0.338
5251.55369612468,0.339
5263.61500105675,0.34
5268.17735888359,0.341
5274.17283800002,0.342
5279.1495898711,0.343
5289.69570553018,0.344
5293.47681395618,0.345
5305.11299742369,0.346
5310.03836974692,0.347
5313.42224624836,0.348
5320.43323493418,0.349
5329.27808986861,0.35
5335.59447823815,0.351
5344.83061130868,0.352
5350.10825391282,0.353
5356.31181017891,0.354
5363.63486068193,0.355
5369.3996279709,0.356
5378.48355824964,0.357
5386.68346659431,0.358
5391.3930000691,0.359
5396.25896457934,0.36
5407.166075841,0.361
5414.63605339867,0.362
5420.5358015582,0.363
5426.52610629168,0.364
5432.29717008311,0.365
5440.89603809543,0.366
5445.76511581476,0.367
5452.70996274263,0.368
5461.0873984376,0.369
5468.02269372559,0.37
5477.24167525363,0.371
5484.81024277148,0.372
5491.12730463884,0.373
5496.99741633434,0.374
5503.97241415537,0.375
5508.71430985211,0.376
5513.19744122841,0.377
5521.45383898257,0.378
5528.70525668174,0.379
5534.57172279327,0.38
5547.62780787645,0.381
5553.81728615583,0.382
5559.65829182093,0.383
5567.32190558635,0.384
5572.64860456507,0.385
5582.7344049425,0.386
5589.47673472776,0.387
5590.67578982195,0.388
5598.30713994029,0.389
5611.17190659041,0.39
5616.36352974728,0.391
5620.45039010331,0.392
5632.43161003669,0.393
5639.04931257576,0.394
5645.72705756422,0.395
5650.57506773819,0.396
5661.40326855497,0.397
5665.68918055538,0.398
5670.76793636914,0.399
5682.16210609139,0.4
5688.27928355283,0.401
5696.36443377285,0.402
5698.78809848788,0.403
5707.03009267256,0.404
5718.47849374689,0.405
5722.16649812605,0.406
5728.42693714109,0.407
5739.28714449709,0.408
5740.69407587882,0.409
5753.32317490572,0.41
5758.7624550093,0.411
5763.30825269373,0.412
5774.88647858968,0.413
5777.43471888214,0.414
5787.48693829992,0.415
5796.61043390327,0.416
5803.63885955538,0.417
5808.9796192237,0.418
5815.27155642243,0.419
5820.65389674171,0.42
5833.27576212478,0.421
5842.10395336706,0.422
5848.57766517324,0.423
5851.72601985305,0.424
5863.34070132125,0.425
5869.71406305458,0.426
5877.15325498466,0.427
5884.0298567725,0.428
5889.07070346951,0.429
5898.0896377762,0.43
5902.97976718198,0.431
5909.97251771552,0.432
5916.90123742546,0.433
5928.30834181067,0.434
5935.40261014394,0.435
5938.70787621407,0.436
5951.20062157333,0.437
5960.86976342764,0.438
5965.44041397453,0.439
5974.60239980768,0.44
5978.99755546011,0.441
5987.07900545024,0.442
5993.1382440127,0.443
6004.94444554018,0.444
6011.28479917935,0.445
6018.78610875042,0.446
6027.51800692633,0.447
6029.76703852062,0.448
6040.80489034213,0.449
6045.15135936187,0.45
6057.23740735918,0.451
6065.39976590227,0.452
6068.59945508125,0.453
6075.7304904949,0.454
6083.17573902393,0.455
6093.46283956813,0.456
6100.13474079345,0.457
6108.28087040638,0.458
6117.38583179158,0.459
6123.02379378549,0.46
6130.6036413976,0.461
6135.9984032025,0.462
6147.38105379906,0.463
6153.61299415521,0.464
6163.24157808674,0.465
6172.49573992156,0.466
6177.83577286218,0.467
6183.33163375412,0.468
6192.27596304358,0.469
6198.85826350636,0.47
6210.95272039551,0.471
6213.59815881258,0.472
6221.48663239213,0.473
6233.4626693441,0.474
6242.25611674688,0.475
6250.56625248083,0.476
6254.48976150457,0.477
6262.16605993597,0.478
6273.54788542114,0.479
6278.70389544095,0.48
6290.8327889009,0.481
6299.64790277509,0.482
6302.58973481955,0.483
6308.79145779647,0.484
6322.83260814429,0.485
6330.57064335702,0.486
6339.51254709413,0.487
6347.43989091153,0.488
6353.50115731696,0.489
6358.30828240021,0.49
6366.70066621585,0.491
6374.05885607501,0.492
6383.45928449394,0.493
6389.1215812657,0.494
6401.25577550425,0.495
6411.95255107826,0.496
6415.98665498784,0.497
6421.91091018501,0.498
6433.21837803212,0.499
6441.49363854733,0.5
6448.21330376118,0.501
6462.1036745895,0.502
6467.58939870587,0.503
6476.65784894056,0.504
6486.05455071909,0.505
6492.87419123665,0.506
6498.74219070165,0.507
6510.884371011,0.508
6518.01589825764,0.509
6521.85322967181,0.51
6533.02242555965,0.511
6537.99185528233,0.512
6549.39278895615,0.513
6561.01037114538,0.514
6568.31334773292,0.515
6573.58241477205,0.516
6582.45030889668,0.517
6591.47054637315,0.518
6602.70465007329,0.519
6613.0785525305,0.52
6619.10679474509,0.521
6622.12948811513,0.522
6636.20121767955,0.523
6646.35695272085,0.524
6652.16643314178,0.525
6662.60651034935,0.526
6671.83846593755,0.527
6678.16662746643,0.528
6689.86414651946,0.529
6690.526504514,0.53
6699.49080005358,0.531
6715.99150305029,0.532
6718.4259582921,0.533
6725.96208161964,0.534
6740.03167270663,0.535
6746.78264988322,0.536
6759.38319766935,0.537
6767.99493897064,0.538
6769.81970374873,0.539
6781.24921491868,0.54
6794.22046685776,0.541
6798.97741113237,0.542
6808.20524075831,0.543
6818.10270714023,0.544
6829.67011460763,0.545
6837.25915388522,0.546
6843.78277997684,0.547
6852.95491311522,0.548
6863.66222021158,0.549
6872.08493448707,0.55
6884.72358101272,0.551
6893.53469172533,0.552
6894.94869039629,0.553
6903.62082230222,0.554
6920.47902087717,0.555
6924.09975098716,0.556
6931.01026111767,0.557
6942.58079735507,0.558
6957.55603234815,0.559
6959.02821427126,0.56
6971.30275519651,0.561
6982.51147650774,0.562
6994.24743627726,0.563
7002.0551297209,0.564
7008.24102045202,0.565
7018.87792876858,0.566
7032.08080759897,0.567
7034.50455507384,0.568
7047.56606567922,0.569
7053.2196115258,0.57
7062.47513448246,0.571
7075.23196789599,0.572
7081.0218917295,0.573
7093.39652887709,0.574
7104.2996169227,0.575
7111.61953629923,0.576
7119.92708523218,0.577
7130.37542914522,0.578
7142.24973105994,0.579
7152.46020224732,0.58
7162.32901383688,0.581
7168.34694373939,0.582
7178.61253515412,0.583
7187.62840282016,0.584
7195.90401658819,0.585
7211.91872083334,0.586
7222.3204215518,0.587
7224.40276295479,0.588
7237.92860899752,0.589
7243.78792890879,0.59
7257.78834970574,0.591
7271.3733684095,0.592
7282.17966656856,0.593
7282.96133097639,0.594
7297.19838019231,0.595
7304.35821516194,0.596
7313.58583247611,0.597
7330.61820415668,0.598
7339.39517994178,0.599
7349.05844547987,0.6
7362.22917900007,0.601
7368.64331302255,0.602
7376.61318980831,0.603
7387.40321260719,0.604
7393.84226971421,0.605
7409.85662682196,0.606
7420.61452862808,0.607
7430.78224327406,0.608
7443.75507027752,0.609
7453.29708158803,0.61
7458.41829346822,0.611
7473.21593204498,0.612
7481.21760557453,0.613
7487.09690084374,0.614
7504.60353951855,0.615
7508.93578501656,0.616
7519.50833440359,0.617
7534.428868186,0.618
7541.24018832469,0.619
7551.46953691335,0.62
7568.20732737155,0.621
7581.34192982321,0.622
7591.92068850359,0.623
7596.88066063561,0.624
7603.5657262248,0.625
7619.01589743169,0.626
7625.62260816685,0.627
7640.64168551013,0.628
7652.57066628105,0.629
7660.01394705541,0.63
7675.00983539652,0.631
7680.84862544426,0.632
7701.03611070275,0.633
7707.41852413789,0.634
7718.5601705055,0.635
7730.70176088892,0.636
7738.88426346409,0.637
7750.23710249186,0.638
7757.78739783338,0.639
7776.50883681518,0.64
7783.21747790768,0.641
7801.49374603888,0.642
7802.21220952671,0.643
7813.45053719996,0.644
7835.10025279083,0.645
7836.18766095018,0.646
7854.52798762505,0.647
7861.89548148411,0.648
7879.70634405606,0.649
7881.93292098907,0.65
7898.32134334117,0.651
7907.98101557649,0.652
7918.59366254005,0.653
7937.78823434812,0.654
7942.32656879807,0.655
7957.26468570382,0.656
7964.9649029564,0.657
7980.80057818594,0.658
7995.47673243513,0.659
8003.55406207774,0.66
8013.65019672456,0.661
8032.53017549416,0.662
8046.23264290635,0.663
8057.023644714,0.664
8068.19026056773,0.665
8078.51338682386,0.666
8092.978598634,0.667
8105.69259820776,0.668
8119.17328521501,0.669
8130.18016544134,0.67
8143.61176039703,0.671
8147.67200740693,0.672
8164.79694263281,0.673
8173.40529394987,0.674
8187.10863603268,0.675
8200.20107456883,0.676
8212.3730299738,0.677
8231.3474303587,0.678
8238.81981909763,0.679
8248.03631548439,0.68
8269.95971274428,0.681
8275.96122490234,0.682
8292.10867969568,0.683
8300.09068656682,0.684
8312.72715904072,0.685
8334.32471397056,0.686
8345.38515106431,0.687
8359.9750020937,0.688
8365.89746823765,0.689
8387.09467028343,0.69
8391.90139093051,0.691
8410.45762481027,0.692
8414.24237199629,0.693
8429.21069764988,0.694
8441.46613509153,0.695
8463.01034276776,0.696
8468.01667589396,0.697
8482.44527067685,0.698
8502.03160502439,0.699
8516.07593382079,0.7
8530.26566626911,0.701
8537.80999559627,0.702
8561.24763989048,0.703
8575.17961151526,0.704
8589.81734666218,0.705
8595.53763894025,0.706
8608.22914193512,0.707
8631.31799097304,0.708
8645.60046534404,0.709
8646.67542105894,0.71
8668.8703445641,0.711
8680.25875927355,0.712
8692.42407961393,0.713
8706.02225758335,0.714
8728.98648513632,0.715
8743.83071388072,0.716
8749.16393896932,0.717
8764.28999422852,0.718
8779.89801775682,0.719
8804.19066275324,0.72
8814.17270724248,0.721
8834.40907285211,0.722
8840.87372129771,0.723
8859.60169937745,0.724
8867.42978838117,0.725
8885.69785066157,0.726
8899.12603459521,0.727
8911.48826030113,0.728
8930.84860882765,0.729
8945.18513910851,0.73
8966.17105172281,0.731
8983.11766174141,0.732
8991.40353153289,0.733
9014.15977376556,0.734
9018.64791442153,0.735
9042.0657996085,0.736
9053.83939877563,0.737
9068.29986032661,0.738
9085.6543377438,0.739
9107.32683361149,0.74
9121.00223882819,0.741
9128.82140041039,0.742
9151.37545272812,0.743
9167.02255988442,0.744
9190.3583167746,0.745
9201.91840091165,0.746
9210.60558249214,0.747
9228.71307791024,0.748
9246.21005736677,0.749
9273.21353184592,0.75
9283.51321074029,0.751
9304.83775481621,0.752
9315.84116517815,0.753
9327.73449119212,0.754
9359.34209821039,0.755
9360.51321027216,0.756
9378.93278715453,0.757
9411.45887409914,0.758
9417.08527334229,0.759
9446.20323957249,0.76
9450.62986801458,0.761
9472.83015905417,0.762
9488.32036412707,0.763
9515.62405301922,0.764
9525.26167128111,0.765
9544.43774946817,0.766
9561.98634988027,0.767
9583.30201249111,0.768
9595.05031144369,0.769
9617.23551199069,0.77
9633.36519244422,0.771
9648.52592969331,0.772
9678.87213138697,0.773
9691.97848481065,0.774
9708.90195131382,0.775
9719.90379190094,0.776
9755.66287761087,0.777
9765.06169645655,0.778
9787.47829988543,0.779
9796.88727851802,0.78
9815.12882063564,0.781
9841.23328921823,0.782
9853.80739674683,0.783
9878.46136104702,0.784
9898.98588161606,0.785
9920.38322280569,0.786
9948.36897464019,0.787
9960.40142140602,0.788
9987.49928703585,0.789
9998.99546360614,0.79
10026.5320284757,0.791
10040.4675773902,0.792
10062.8951666382,0.793
10090.8690759379,0.794
10116.1981438817,0.795
10122.0823960172,0.796
10143.9710408452,0.797
10166.0746884468,0.798
10186.0113015324,0.799
10210.7402105133,0.8
10243.3362154368,0.801
10262.321445135,0.802
10267.8144781161,0.803
10305.5894343465,0.804
10322.9612563354,0.805
10351.6159380287,0.806
10366.2445581877,0.807
10391.4732683597,0.808
10421.8498162321,0.809
10442.0007000378,0.81
10449.621020408,0.811
10484.3826231603,0.812
10511.7546581334,0.813
10516.5567411277,0.814
10547.9034899473,0.815
10565.6635956834,0.816
10597.038886228,0.817
10631.2297584687,0.818
10642.1951019906,0.819
10676.7037659602,0.82
10700.1615069376,0.821
10723.0325953244,0.822
10745.1082583823,0.823
10777.123331192,0.824
10784.2991848844,0.825
10828.1031870414,0.826
10842.960218971,0.827
10866.0356149572,0.828
10888.6641890043,0.829
10922.9544693859,0.83
10955.3307425801,0.831
10965.2163358146,0.832
11008.6544052248,0.833
11037.8339730249,0.834
11058.4211502099,0.835
11084.9479408416,0.836
11108.5734755541,0.837
11125.4511117004,0.838
11170.1152844731,0.839
11192.4229238997,0.84
11223.6140095527,0.841
11245.7709987575,0.842
11275.2218057654,0.843
11306.6867591265,0.844
11342.9175521626,0.845
11352.5934655116,0.846
11401.1614845575,0.847
11409.772748042,0.848
11457.319305611,0.849
11475.2135342035,0.85
11520.0760788637,0.851
11556.7160610468,0.852
11575.3286419507,0.853
11588.4214835939,0.854
11635.7202828252,0.855
11681.8788038402,0.856
11699.7075201717,0.857
11725.992761539,0.858
11759.0262463759,0.859
11794.5558263813,0.86
11825.9705914071,0.861
11848.1990854504,0.862
11892.6812978248,0.863
11921.5989460979,0.864
11961.4023742651,0.865
11996.8905437688,0.866
12032.3058017654,0.867
12077.107634856,0.868
12104.2453493833,0.869
12146.288005843,0.87
12189.4553410025,0.871
12219.3471264993,0.872
12260.948226523,0.873
12294.5896093071,0.874
12308.8996920556,0.875
12341.7486042743,0.876
12391.4561359232,0.877
12419.6742736719,0.878
12476.6047992095,0.879
12510.8663813661,0.88
12546.4889448837,0.881
12594.38991165,0.882
12634.788436801,0.883
12683.3911462452,0.884
12702.3338016524,0.885
12764.0739068123,0.886
12785.8668505953,0.887
12824.3429147007,0.888
12867.1818779062,0.889
12937.5934841257,0.89
12947.4635683596,0.891
13032.6722718153,0.892
13062.7177590419,0.893
13080.4514007845,0.894
13158.7639457988,0.895
13212.2452989679,0.896
13231.437717525,0.897
13270.1495134736,0.898
13315.8610647283,0.899
13381.6557593179,0.9
13441.4496065152,0.901
13460.5222421749,0.902
13526.9089083433,0.903
13571.2670271445,0.904
13618.5951672637,0.905
13691.1218155948,0.906
13758.7508335435,0.907
13788.2130975159,0.908
13829.4684252738,0.909
13879.2376093914,0.91
13987.5014870821,0.911
14039.4457662431,0.912
14060.8614773252,0.913
14162.903100553,0.914
14184.3681308977,0.915
14271.9215148881,0.916
14326.2604161656,0.917
14387.9843379851,0.918
14439.5201395166,0.919
14533.2687472775,0.92
14565.3726677012,0.921
14651.4866416591,0.922
14717.2625820144,0.923
14774.4859377131,0.924
14804.0313541232,0.925
14938.4650047969,0.926
14976.9859221397,0.927
15083.4532049572,0.928
15135.1885939584,0.929
15221.1936242383,0.93
15268.0446991791,0.931
15369.9410421815,0.932
15418.345314247,0.933
15474.1142355504,0.934
15571.8171771086,0.935
15709.7598579927,0.936
15757.1832130304,0.937
15886.9181253227,0.938
15917.811586007,0.939
16019.1011654555,0.94
16159.5436531451,0.941
16165.6581239777,0.942
16330.363010761,0.943
16375.2488262312,0.944
16507.0553260535,0.945
16616.35228693,0.946
16717.0052915279,0.947
16863.8238915419,0.948
16959.5580993981,0.949
17040.0410980495,0.95
17104.5788525492,0.951
17285.2156755429,0.952
17414.9445514659,0.953
17492.1496655254,0.954
17633.7327775246,0.955
17809.695016626,0.956
17852.0900545792,0.957
17981.7028723195,0.958
18215.9555362122,0.959
18406.8130651311,0.96
18435.9336381799,0.961
18638.3758182148,0.962
18883.6270263882,0.963
18993.0869820164,0.964
19198.8084258739,0.965
19369.8156175767,0.966
19556.313709823,0.967
19643.8160246292,0.968
19821.7642746076,0.969
20179.371546845,0.97
20283.0139274471,0.971
20551.3644926496,0.972
20712.3792382354,0.973
21150.9539384433,0.974
21160.2144857893,0.975
21538.6163731949,0.976
21707.5400407827,0.977
22270.8720063422,0.978
22360.6598396553,0.979
22885.7181264838,0.98
23003.9132315564,0.981
23740.9985267379,0.982
24001.8071153913,0.983
24599.6426027093,0.984
24846.9884520114,0.985
25307.1394466129,0.986
26080.3526321485,0.987
26361.0754191991,0.988
27039.2635182436,0.989
27657.7739858394,0.99
29340.2260950175,0.991
30115.4931953887,0.992
30522.0866700359,0.993
32470.7974564782,0.994
34448.6073110752,0.995
36775.1009967771,0.996
40450.4625737295,0.997
41344.1110760921,0.998
48364.2754453426,0.999
58270.316300944,1
